{
  "utcTime0": "2021-12-29T01:57:44.150",
  "success": true,
  "message": null,
  "data": [
    {
      "country": "AD",
      "name": "Andorra",
      "postCode": "376",
      "search": "Andorra"
    },
    {
      "country": "AE",
      "name": "United Arab Emirates",
      "postCode": "971",
      "search": "United Arab Emirates"
    },
    {
      "country": "AF",
      "name": "Afghanistan",
      "postCode": "93",
      "search": "Afghanistan"
    },
    {
      "country": "AG",
      "name": "Antigua and Barbuda",
      "postCode": "1+268",
      "search": "Antigua and Barbuda"
    },
    {
      "country": "AI",
      "name": "Anguilla",
      "postCode": "1+264",
      "search": "Anguilla"
    },
    {
      "country": "AL",
      "name": "Albania",
      "postCode": "355",
      "search": "Albania"
    },
    {
      "country": "AM",
      "name": "Armenia",
      "postCode": "374",
      "search": "Armenia"
    },
    {
      "country": "AN",
      "name": "Netherlands Antilles",
      "postCode": "599",
      "search": "Netherlands Antilles"
    },
    {
      "country": "AO",
      "name": "Angola",
      "postCode": "244",
      "search": "Angola"
    },
    {
      "country": "AQ",
      "name": "Antarctica",
      "postCode": "672",
      "search": "Antarctica"
    },
    {
      "country": "AR",
      "name": "Argentina",
      "postCode": "54",
      "search": "Argentina"
    },
    {
      "country": "AS",
      "name": "American Samoa",
      "postCode": "684",
      "search": "American Samoa"
    },
    {
      "country": "AT",
      "name": "Austria",
      "postCode": "43",
      "search": "Austria"
    },
    {
      "country": "AU",
      "name": "Australia",
      "postCode": "61",
      "search": "Australia"
    },
    {
      "country": "AW",
      "name": "Aruba",
      "postCode": "297",
      "search": "Aruba"
    },
    {
      "country": "AZ",
      "name": "Azerbaijan",
      "postCode": "994",
      "search": "Azerbaijan"
    },
    {
      "country": "BA",
      "name": "Bosnia-Herzegovina",
      "postCode": "387",
      "search": "Bosnia Herzegovina"
    },
    {
      "country": "BB",
      "name": "Barbados",
      "postCode": "1+246",
      "search": "Barbados"
    },
    {
      "country": "BD",
      "name": "Bangladesh",
      "postCode": "880",
      "search": "Bangladesh"
    },
    {
      "country": "BE",
      "name": "Belgium",
      "postCode": "32",
      "search": "Belgium"
    },
    {
      "country": "BF",
      "name": "Burkina Faso",
      "postCode": "226",
      "search": "Burkina Faso"
    },
    {
      "country": "BG",
      "name": "Bulgaria",
      "postCode": "359",
      "search": "Bulgaria"
    },
    {
      "country": "BH",
      "name": "Bahrain",
      "postCode": "973",
      "search": "Bahrain"
    },
    {
      "country": "BI",
      "name": "Burundi",
      "postCode": "257",
      "search": "Burundi"
    },
    {
      "country": "BJ",
      "name": "Benin",
      "postCode": "229",
      "search": "Benin"
    },
    {
      "country": "BM",
      "name": "Bermuda",
      "postCode": "1+441",
      "search": "Bermuda"
    },
    {
      "country": "BN",
      "name": "Brunei Darussalam",
      "postCode": "673",
      "search": "Brunei Darussalam"
    },
    {
      "country": "BO",
      "name": "Bolivia",
      "postCode": "591",
      "search": "Bolivia"
    },
    {
      "country": "BR",
      "name": "Brazil",
      "postCode": "55",
      "search": "Brazil"
    },
    {
      "country": "BS",
      "name": "Bahamas",
      "postCode": "1+242",
      "search": "Bahamas"
    },
    {
      "country": "BT",
      "name": "Bhutan",
      "postCode": "975",
      "search": "Bhutan"
    },
    {
      "country": "BV",
      "name": "Bouvet Island",
      "postCode": " ",
      "search": "Bouvet Island"
    },
    {
      "country": "BW",
      "name": "Botswana",
      "postCode": "267",
      "search": "Botswana"
    },
    {
      "country": "BY",
      "name": "Belarus",
      "postCode": "375",
      "search": "Belarus"
    },
    {
      "country": "BZ",
      "name": "Belize",
      "postCode": "501",
      "search": "Belize"
    },
    {
      "country": "CA",
      "name": "Canada",
      "postCode": "1",
      "search": "Canada"
    },
    {
      "country": "CC",
      "name": "Cocos (Keeling) Islands",
      "postCode": "61",
      "search": "Cocos Keeling Islands"
    },
    {
      "country": "CD",
      "name": "Congo, Democratic Republic of",
      "postCode": "243",
      "search": "Congo Democratic Republic of"
    },
    {
      "country": "CF",
      "name": "Central African Republic",
      "postCode": "236",
      "search": "Central African Republic"
    },
    {
      "country": "CG",
      "name": "Congo",
      "postCode": "242",
      "search": "Congo"
    },
    {
      "country": "CH",
      "name": "Switzerland",
      "postCode": "41",
      "search": "Switzerland"
    },
    {
      "country": "CI",
      "name": "Cote D'Ivoire",
      "postCode": "225",
      "search": "Cote D Ivoire"
    },
    {
      "country": "CK",
      "name": "Cook Islands",
      "postCode": "682",
      "search": "Cook Islands"
    },
    {
      "country": "CL",
      "name": "Chile",
      "postCode": "56",
      "search": "Chile"
    },
    {
      "country": "CM",
      "name": "Cameroon",
      "postCode": "237",
      "search": "Cameroon"
    },
    {
      "country": "CN",
      "name": "China",
      "postCode": "86",
      "search": "China"
    },
    {
      "country": "CO",
      "name": "Colombia",
      "postCode": "57",
      "search": "Colombia"
    },
    {
      "country": "CR",
      "name": "Costa Rica",
      "postCode": "506",
      "search": "Costa Rica"
    },
    {
      "country": "CU",
      "name": "Cuba",
      "postCode": "53",
      "search": "Cuba"
    },
    {
      "country": "CV",
      "name": "Cape Verde",
      "postCode": "238",
      "search": "Cape Verde"
    },
    {
      "country": "CX",
      "name": "Christmas Island",
      "postCode": "61",
      "search": "Christmas Island"
    },
    {
      "country": "CY",
      "name": "Cyprus",
      "postCode": "357",
      "search": "Cyprus"
    },
    {
      "country": "CZ",
      "name": "Czech Republic",
      "postCode": "420",
      "search": "Czech Republic"
    },
    {
      "country": "DE",
      "name": "Germany",
      "postCode": "49",
      "search": "Germany"
    },
    {
      "country": "DJ",
      "name": "Djibouti",
      "postCode": "253",
      "search": "Djibouti"
    },
    {
      "country": "DK",
      "name": "Denmark",
      "postCode": "45",
      "search": "Denmark"
    },
    {
      "country": "DM",
      "name": "Dominica",
      "postCode": "1+767",
      "search": "Dominica"
    },
    {
      "country": "DO",
      "name": "Dominican Republic",
      "postCode": "1+809",
      "search": "Dominican Republic"
    },
    {
      "country": "DZ",
      "name": "Algeria",
      "postCode": "213",
      "search": "Algeria"
    },
    {
      "country": "EC",
      "name": "Ecuador",
      "postCode": "593",
      "search": "Ecuador"
    },
    {
      "country": "EE",
      "name": "Estonia",
      "postCode": "372",
      "search": "Estonia"
    },
    {
      "country": "EG",
      "name": "Egypt",
      "postCode": "20",
      "search": "Egypt"
    },
    {
      "country": "EH",
      "name": "Western Sahara",
      "postCode": "21",
      "search": "Western Sahara"
    },
    {
      "country": "ER",
      "name": "Eritrea",
      "postCode": "291",
      "search": "Eritrea"
    },
    {
      "country": "ES",
      "name": "Spain",
      "postCode": "34",
      "search": "Spain"
    },
    {
      "country": "ET",
      "name": "Ethiopia",
      "postCode": "251",
      "search": "Ethiopia"
    },
    {
      "country": "FI",
      "name": "Finland",
      "postCode": "358",
      "search": "Finland"
    },
    {
      "country": "FJ",
      "name": "Fiji",
      "postCode": "679",
      "search": "Fiji"
    },
    {
      "country": "FK",
      "name": "Falkland Islands (Malvinas)",
      "postCode": "500",
      "search": "Falkland Islands Malvinas "
    },
    {
      "country": "FM",
      "name": "Micronesia, Federated States of",
      "postCode": "691",
      "search": "Micronesia Federated States of"
    },
    {
      "country": "FO",
      "name": "Faroe Islands",
      "postCode": "298",
      "search": "Faroe Islands"
    },
    {
      "country": "FR",
      "name": "France",
      "postCode": "33",
      "search": "France"
    },
    {
      "country": "GA",
      "name": "Gabon",
      "postCode": "241",
      "search": "Gabon"
    },
    {
      "country": "GB",
      "name": "Great Britain (England, Scotland, Wales)",
      "postCode": "44",
      "search": "Great Britain England Scotland Wales "
    },
    {
      "country": "GD",
      "name": "Grenada",
      "postCode": "1+473",
      "search": "Grenada"
    },
    {
      "country": "GE",
      "name": "Georgia",
      "postCode": "995",
      "search": "Georgia"
    },
    {
      "country": "GF",
      "name": "French Guiana",
      "postCode": "594",
      "search": "French Guiana"
    },
    {
      "country": "GH",
      "name": "Ghana",
      "postCode": "233",
      "search": "Ghana"
    },
    {
      "country": "GI",
      "name": "Gibraltar",
      "postCode": "350",
      "search": "Gibraltar"
    },
    {
      "country": "GL",
      "name": "Greenland",
      "postCode": "299",
      "search": "Greenland"
    },
    {
      "country": "GM",
      "name": "Gambia",
      "postCode": "220",
      "search": "Gambia"
    },
    {
      "country": "GN",
      "name": "Guinea",
      "postCode": "224",
      "search": "Guinea"
    },
    {
      "country": "GP",
      "name": "Guadeloupe",
      "postCode": "590",
      "search": "Guadeloupe"
    },
    {
      "country": "GQ",
      "name": "Equatorial Guinea",
      "postCode": "240",
      "search": "Equatorial Guinea"
    },
    {
      "country": "GR",
      "name": "Greece",
      "postCode": "30",
      "search": "Greece"
    },
    {
      "country": "GS",
      "name": "South Georgia and South Sandwich Islands",
      "postCode": "44",
      "search": "South Georgia and South Sandwich Islands"
    },
    {
      "country": "GT",
      "name": "Guatemala",
      "postCode": "502",
      "search": "Guatemala"
    },
    {
      "country": "GU",
      "name": "Guam",
      "postCode": "1+671",
      "search": "Guam"
    },
    {
      "country": "GW",
      "name": "Guinea-Bissau",
      "postCode": "245",
      "search": "Guinea Bissau"
    },
    {
      "country": "GY",
      "name": "Guyana",
      "postCode": "592",
      "search": "Guyana"
    },
    {
      "country": "HK",
      "name": "Hong Kong SAR of PRC",
      "postCode": "852",
      "search": "Hong Kong SAR of PRC"
    },
    {
      "country": "HM",
      "name": "Heard Island and McDonald Islands",
      "postCode": " ",
      "search": "Heard Island and McDonald Islands"
    },
    {
      "country": "HN",
      "name": "Honduras",
      "postCode": "504",
      "search": "Honduras"
    },
    {
      "country": "HR",
      "name": "Croatia (Hrvatska)",
      "postCode": "385",
      "search": "Croatia Hrvatska "
    },
    {
      "country": "HT",
      "name": "Haiti",
      "postCode": "509",
      "search": "Haiti"
    },
    {
      "country": "HU",
      "name": "Hungary",
      "postCode": "36",
      "search": "Hungary"
    },
    {
      "country": "ID",
      "name": "Indonesia",
      "postCode": "62",
      "search": "Indonesia"
    },
    {
      "country": "IE",
      "name": "Ireland",
      "postCode": "353",
      "search": "Ireland"
    },
    {
      "country": "IL",
      "name": "Israel",
      "postCode": "972",
      "search": "Israel"
    },
    {
      "country": "IN",
      "name": "India",
      "postCode": "91",
      "search": "India"
    },
    {
      "country": "IO",
      "name": "British Indian Ocean Territory",
      "postCode": " ",
      "search": "British Indian Ocean Territory"
    },
    {
      "country": "IQ",
      "name": "Iraq",
      "postCode": "964",
      "search": "Iraq"
    },
    {
      "country": "IR",
      "name": "Iran",
      "postCode": "98",
      "search": "Iran"
    },
    {
      "country": "IS",
      "name": "Iceland",
      "postCode": "354",
      "search": "Iceland"
    },
    {
      "country": "IT",
      "name": "Italy",
      "postCode": "39",
      "search": "Italy"
    },
    {
      "country": "JM",
      "name": "Jamaica",
      "postCode": "1+876",
      "search": "Jamaica"
    },
    {
      "country": "JO",
      "name": "Jordan",
      "postCode": "962",
      "search": "Jordan"
    },
    {
      "country": "JP",
      "name": "Japan",
      "postCode": "81",
      "search": "Japan"
    },
    {
      "country": "KE",
      "name": "Kenya",
      "postCode": "254",
      "search": "Kenya"
    },
    {
      "country": "KG",
      "name": "Kyrgyzstan",
      "postCode": "996",
      "search": "Kyrgyzstan"
    },
    {
      "country": "KH",
      "name": "Cambodia",
      "postCode": "855",
      "search": "Cambodia"
    },
    {
      "country": "KI",
      "name": "Kiribati",
      "postCode": "686",
      "search": "Kiribati"
    },
    {
      "country": "KM",
      "name": "Comoros",
      "postCode": "269",
      "search": "Comoros"
    },
    {
      "country": "KN",
      "name": "Saint Kitts and Nevis",
      "postCode": "1+869",
      "search": "Saint Kitts and Nevis"
    },
    {
      "country": "KP",
      "name": "Korea, Democratic People's Republic (North Korea)",
      "postCode": "850",
      "search": "Korea Democratic People s Republic North Korea "
    },
    {
      "country": "KR",
      "name": "Republic of Korea (South Korea)",
      "postCode": "82",
      "search": "Republic of Korea South Korea "
    },
    {
      "country": "KW",
      "name": "Kuwait",
      "postCode": "965",
      "search": "Kuwait"
    },
    {
      "country": "KY",
      "name": "Cayman Islands",
      "postCode": "34",
      "search": "Cayman Islands"
    },
    {
      "country": "KZ",
      "name": "Kazakhstan",
      "postCode": "7",
      "search": "Kazakhstan"
    },
    {
      "country": "LA",
      "name": "Lao People's Democratic Republic",
      "postCode": "856",
      "search": "Lao People s Democratic Republic"
    },
    {
      "country": "LB",
      "name": "Lebanon",
      "postCode": "961",
      "search": "Lebanon"
    },
    {
      "country": "LC",
      "name": "Saint Lucia",
      "postCode": "1+758",
      "search": "Saint Lucia"
    },
    {
      "country": "LI",
      "name": "Liechtenstein",
      "postCode": "423",
      "search": "Liechtenstein"
    },
    {
      "country": "LK",
      "name": "Sri Lanka",
      "postCode": "94",
      "search": "Sri Lanka"
    },
    {
      "country": "LR",
      "name": "Liberia",
      "postCode": "231",
      "search": "Liberia"
    },
    {
      "country": "LS",
      "name": "Lesotho",
      "postCode": "266",
      "search": "Lesotho"
    },
    {
      "country": "LT",
      "name": "Lithuania",
      "postCode": "370",
      "search": "Lithuania"
    },
    {
      "country": "LU",
      "name": "Luxembourg",
      "postCode": "352",
      "search": "Luxembourg"
    },
    {
      "country": "LV",
      "name": "Latvia",
      "postCode": "371",
      "search": "Latvia"
    },
    {
      "country": "LY",
      "name": "Libyan Arab Jamahiriya",
      "postCode": "218",
      "search": "Libyan Arab Jamahiriya"
    },
    {
      "country": "MA",
      "name": "Morocco",
      "postCode": "212",
      "search": "Morocco"
    },
    {
      "country": "MC",
      "name": "Monaco",
      "postCode": "377",
      "search": "Monaco"
    },
    {
      "country": "MD",
      "name": "Republic of Moldova",
      "postCode": "373",
      "search": "Republic of Moldova"
    },
    {
      "country": "ME",
      "name": "Montenegro",
      "postCode": "810",
      "search": "Montenegro"
    },
    {
      "country": "MG",
      "name": "Madagascar",
      "postCode": "261",
      "search": "Madagascar"
    },
    {
      "country": "MH",
      "name": "Marshall Islands",
      "postCode": "692",
      "search": "Marshall Islands"
    },
    {
      "country": "MK",
      "name": "Macedonia",
      "postCode": "389",
      "search": "Macedonia"
    },
    {
      "country": "ML",
      "name": "Mali",
      "postCode": "223",
      "search": "Mali"
    },
    {
      "country": "MM",
      "name": "Myanmar",
      "postCode": "95",
      "search": "Myanmar"
    },
    {
      "country": "MN",
      "name": "Mongolia",
      "postCode": "976",
      "search": "Mongolia"
    },
    {
      "country": "MO",
      "name": "Macao SAR of PRC (Macau)",
      "postCode": "853",
      "search": "Macao SAR of PRC Macau "
    },
    {
      "country": "MP",
      "name": "Northern Mariana Islands",
      "postCode": "1 670",
      "search": "Northern Mariana Islands"
    },
    {
      "country": "MQ",
      "name": "Martinique",
      "postCode": "596",
      "search": "Martinique"
    },
    {
      "country": "MR",
      "name": "Mauritania",
      "postCode": "222",
      "search": "Mauritania"
    },
    {
      "country": "MS",
      "name": "Montserrat",
      "postCode": "1+ 664",
      "search": "Montserrat"
    },
    {
      "country": "MT",
      "name": "Malta",
      "postCode": "356",
      "search": "Malta"
    },
    {
      "country": "MU",
      "name": "Mauritius",
      "postCode": "230",
      "search": "Mauritius"
    },
    {
      "country": "MV",
      "name": "Maldives",
      "postCode": "960",
      "search": "Maldives"
    },
    {
      "country": "MW",
      "name": "Malawi",
      "postCode": "265",
      "search": "Malawi"
    },
    {
      "country": "MX",
      "name": "Mexico",
      "postCode": "52",
      "search": "Mexico"
    },
    {
      "country": "MY",
      "name": "Malaysia",
      "postCode": "60",
      "search": "Malaysia"
    },
    {
      "country": "MZ",
      "name": "Mozambique",
      "postCode": "258",
      "search": "Mozambique"
    },
    {
      "country": "NA",
      "name": "Namibia",
      "postCode": "264",
      "search": "Namibia"
    },
    {
      "country": "NC",
      "name": "New Caledonia",
      "postCode": "687",
      "search": "New Caledonia"
    },
    {
      "country": "NE",
      "name": "Niger",
      "postCode": "227",
      "search": "Niger"
    },
    {
      "country": "NF",
      "name": "Norfolk Island",
      "postCode": "672",
      "search": "Norfolk Island"
    },
    {
      "country": "NG",
      "name": "Nigeria",
      "postCode": "234",
      "search": "Nigeria"
    },
    {
      "country": "NI",
      "name": "Nicaragua",
      "postCode": "505",
      "search": "Nicaragua"
    },
    {
      "country": "NL",
      "name": "Netherlands",
      "postCode": "31",
      "search": "Netherlands"
    },
    {
      "country": "NO",
      "name": "Norway",
      "postCode": "47",
      "search": "Norway"
    },
    {
      "country": "NP",
      "name": "Nepal",
      "postCode": "977",
      "search": "Nepal"
    },
    {
      "country": "NR",
      "name": "Nauru",
      "postCode": "674",
      "search": "Nauru"
    },
    {
      "country": "NU",
      "name": "Niue",
      "postCode": "683",
      "search": "Niue"
    },
    {
      "country": "NZ",
      "name": "New Zealand",
      "postCode": "64",
      "search": "New Zealand"
    },
    {
      "country": "OM",
      "name": "Oman",
      "postCode": "968",
      "search": "Oman"
    },
    {
      "country": "PA",
      "name": "Panama",
      "postCode": "507",
      "search": "Panama"
    },
    {
      "country": "PE",
      "name": "Peru",
      "postCode": "51",
      "search": "Peru"
    },
    {
      "country": "PF",
      "name": "French Polynesia",
      "postCode": "689",
      "search": "French Polynesia"
    },
    {
      "country": "PG",
      "name": "Papua New Guinea",
      "postCode": "675",
      "search": "Papua New Guinea"
    },
    {
      "country": "PH",
      "name": "Philippines",
      "postCode": "63",
      "search": "Philippines"
    },
    {
      "country": "PK",
      "name": "Pakistan",
      "postCode": "92",
      "search": "Pakistan"
    },
    {
      "country": "PL",
      "name": "Poland",
      "postCode": "48",
      "search": "Poland"
    },
    {
      "country": "PM",
      "name": "Saint Pierre and Miquelon",
      "postCode": "508",
      "search": "Saint Pierre and Miquelon"
    },
    {
      "country": "PN",
      "name": "Pitcairn",
      "postCode": "649",
      "search": "Pitcairn"
    },
    {
      "country": "PR",
      "name": "Puerto Rico",
      "postCode": "1+787",
      "search": "Puerto Rico"
    },
    {
      "country": "PT",
      "name": "Portugal",
      "postCode": "351",
      "search": "Portugal"
    },
    {
      "country": "PW",
      "name": "Palau",
      "postCode": "680",
      "search": "Palau"
    },
    {
      "country": "PY",
      "name": "Paraguay",
      "postCode": "595",
      "search": "Paraguay"
    },
    {
      "country": "QA",
      "name": "Qatar",
      "postCode": "974",
      "search": "Qatar"
    },
    {
      "country": "RE",
      "name": "Reunion",
      "postCode": "262",
      "search": "Reunion"
    },
    {
      "country": "RO",
      "name": "Romania",
      "postCode": "40",
      "search": "Romania"
    },
    {
      "country": "RS",
      "name": "Serbia",
      "postCode": "381",
      "search": "Serbia"
    },
    {
      "country": "RU",
      "name": "Russia",
      "postCode": "7",
      "search": "Russia"
    },
    {
      "country": "RW",
      "name": "Rwanda",
      "postCode": "250",
      "search": "Rwanda"
    },
    {
      "country": "SA",
      "name": "Saudi Arabia",
      "postCode": "966",
      "search": "Saudi Arabia"
    },
    {
      "country": "SB",
      "name": "Solomon Islands",
      "postCode": "677",
      "search": "Solomon Islands"
    },
    {
      "country": "SC",
      "name": "Seychelles",
      "postCode": "248",
      "search": "Seychelles"
    },
    {
      "country": "SD",
      "name": "Sudan",
      "postCode": "249",
      "search": "Sudan"
    },
    {
      "country": "SE",
      "name": "Sweden",
      "postCode": "46",
      "search": "Sweden"
    },
    {
      "country": "SG",
      "name": "Singapore",
      "postCode": "65",
      "search": "Singapore"
    },
    {
      "country": "SH",
      "name": "Saint Helena",
      "postCode": "290",
      "search": "Saint Helena"
    },
    {
      "country": "SI",
      "name": "Slovenia",
      "postCode": "386",
      "search": "Slovenia"
    },
    {
      "country": "SJ",
      "name": "Svalbard and Jan Mayen",
      "postCode": "917",
      "search": "Svalbard and Jan Mayen"
    },
    {
      "country": "SK",
      "name": "Slovakia",
      "postCode": "421",
      "search": "Slovakia"
    },
    {
      "country": "SL",
      "name": "Sierra Leone",
      "postCode": "232",
      "search": "Sierra Leone"
    },
    {
      "country": "SM",
      "name": "San Marino",
      "postCode": "378",
      "search": "San Marino"
    },
    {
      "country": "SN",
      "name": "Senegal",
      "postCode": "221",
      "search": "Senegal"
    },
    {
      "country": "SO",
      "name": "Somalia",
      "postCode": "252",
      "search": "Somalia"
    },
    {
      "country": "SR",
      "name": "Suriname",
      "postCode": "597",
      "search": "Suriname"
    },
    {
      "country": "ST",
      "name": "Sao Tome and Principe",
      "postCode": "239",
      "search": "Sao Tome and Principe"
    },
    {
      "country": "SV",
      "name": "El Salvador",
      "postCode": "503",
      "search": "El Salvador"
    },
    {
      "country": "SY",
      "name": "Syria",
      "postCode": "963",
      "search": "Syria"
    },
    {
      "country": "SZ",
      "name": "Swaziland",
      "postCode": "268",
      "search": "Swaziland"
    },
    {
      "country": "TC",
      "name": "Turks and Caicos Islands",
      "postCode": "1+649",
      "search": "Turks and Caicos Islands"
    },
    {
      "country": "TD",
      "name": "Chad",
      "postCode": "235",
      "search": "Chad"
    },
    {
      "country": "TF",
      "name": "French Southern Territories",
      "postCode": "948",
      "search": "French Southern Territories"
    },
    {
      "country": "TG",
      "name": "Togo",
      "postCode": "228",
      "search": "Togo"
    },
    {
      "country": "TH",
      "name": "Thailand",
      "postCode": "66",
      "search": "Thailand"
    },
    {
      "country": "TJ",
      "name": "Tajikistan",
      "postCode": "992",
      "search": "Tajikistan"
    },
    {
      "country": "TK",
      "name": "Tokelau",
      "postCode": "690",
      "search": "Tokelau"
    },
    {
      "country": "TM",
      "name": "Turkmenistan",
      "postCode": "993",
      "search": "Turkmenistan"
    },
    {
      "country": "TN",
      "name": "Tunisia",
      "postCode": "216",
      "search": "Tunisia"
    },
    {
      "country": "TO",
      "name": "Tonga",
      "postCode": "676",
      "search": "Tonga"
    },
    {
      "country": "TP",
      "name": "East Timor",
      "postCode": "670",
      "search": "East Timor"
    },
    {
      "country": "TR",
      "name": "Turkey",
      "postCode": "90",
      "search": "Turkey"
    },
    {
      "country": "TT",
      "name": "Trinidad and Tobago",
      "postCode": "1+868",
      "search": "Trinidad and Tobago"
    },
    {
      "country": "TV",
      "name": "Tuvalu",
      "postCode": "688",
      "search": "Tuvalu"
    },
    {
      "country": "TW",
      "name": "Taiwan",
      "postCode": "886",
      "search": "Taiwan"
    },
    {
      "country": "TZ",
      "name": "Tanzania, United Republic of",
      "postCode": "255",
      "search": "Tanzania United Republic of"
    },
    {
      "country": "UA",
      "name": "Ukraine",
      "postCode": "380",
      "search": "Ukraine"
    },
    {
      "country": "UG",
      "name": "Uganda",
      "postCode": "256",
      "search": "Uganda"
    },
    {
      "country": "UM",
      "name": "United States Minor Outlying Islands",
      "postCode": " ",
      "search": "United States Minor Outlying Islands"
    },
    {
      "country": "US",
      "name": "United States",
      "postCode": "1",
      "search": "United States"
    },
    {
      "country": "UY",
      "name": "Uruguay",
      "postCode": "598",
      "search": "Uruguay"
    },
    {
      "country": "UZ",
      "name": "Uzbekistan",
      "postCode": "998",
      "search": "Uzbekistan"
    },
    {
      "country": "VA",
      "name": "Vatican City State",
      "postCode": "39",
      "search": "Vatican City State"
    },
    {
      "country": "VC",
      "name": "Saint Vincent and the Grenadines",
      "postCode": "1+784",
      "search": "Saint Vincent and the Grenadines"
    },
    {
      "country": "VE",
      "name": "Venezuela",
      "postCode": "58",
      "search": "Venezuela"
    },
    {
      "country": "VG",
      "name": "Virgin Islands (UK)",
      "postCode": "1 284",
      "search": "Virgin Islands UK "
    },
    {
      "country": "VI",
      "name": "Virgin Islands (US)",
      "postCode": "1 340",
      "search": "Virgin Islands US "
    },
    {
      "country": "VN",
      "name": "Việt Nam",
      "postCode": "84",
      "search": "Viet Nam"
    },
    {
      "country": "VU",
      "name": "Vanuatu",
      "postCode": "678",
      "search": "Vanuatu"
    },
    {
      "country": "WF",
      "name": "Wallis and Futuna",
      "postCode": "681",
      "search": "Wallis and Futuna"
    },
    {
      "country": "WS",
      "name": "Samoa",
      "postCode": "685",
      "search": "Samoa"
    },
    {
      "country": "XK",
      "name": "Kosovo",
      "postCode": "381",
      "search": "Kosovo"
    },
    {
      "country": "YE",
      "name": "Yemen",
      "postCode": "967",
      "search": "Yemen"
    },
    {
      "country": "YT",
      "name": "Mayotte",
      "postCode": "269",
      "search": "Mayotte"
    },
    {
      "country": "ZA",
      "name": "South Africa",
      "postCode": "27",
      "search": "South Africa"
    },
    {
      "country": "ZM",
      "name": "Zambia",
      "postCode": "260",
      "search": "Zambia"
    },
    {
      "country": "ZW",
      "name": "Zimbabwe",
      "postCode": "263",
      "search": "Zimbabwe"
    }
  ],
  "errors": null
}